{"_runtime": 27068, "train/rewards/margins": 0.8378838188573718, "train/logps/rejected": -333.32280532836916, "train/grad_norm": 159.8011474609375, "train/learning_rate": 1.673747907815115e-09, "train/logits/chosen": -2.212251552501534, "train/logits/rejected": -2.199952814148901, "_step": 342, "train/loss": 0.5531385040283203, "train/num_tokens": 53894789.0, "train/global_step": 7767, "_timestamp": 1782244745.5589345, "train/logps/chosen": -364.1218871498108, "train/entropy": 1.1615607641637324, "train/mean_token_accuracy": 0.6651620738208294, "train/rewards/chosen": -0.531920908128377, "train/rewards/accuracies": 0.7, "train/rewards/rejected": -1.3698047267086804, "train/epoch": 1, "eval/num_tokens": 54008675.0, "eval/logits/rejected": -2.153325243643545, "eval/rewards/margins": 0.7143329053214984, "eval/rewards/chosen": -0.5732245592662366, "eval/rewards/rejected": -1.287557464951533, "eval/loss": 0.5635044574737549, "eval/runtime": 73.6184, "eval/samples_per_second": 3.477, "eval/logits/chosen": -2.1667387602994683, "eval/logps/chosen": -345.6307208240032, "eval/logps/rejected": -316.1204325184226, "eval/steps_per_second": 3.477, "eval/mean_token_accuracy": 0.6624744489090517, "eval/rewards/accuracies": 0.66796875, "eval/entropy": 1.183941313996911, "train_runtime": 26991.5542, "train_samples_per_second": 2.302, "train_steps_per_second": 0.288, "total_flos": 1.3368838319030938e+17, "train_loss": 0.5797226180038167, "peak_vram_gb": 10.384613888}